sequence	gDNA_rep1	gDNA_rep2	gDNA_rep3	gDNA_rep4	gDNA_rep5	mRNA_rep1	mRNA_rep2	mRNA_rep3	mRNA_rep4	mRNA_rep5	Enhancer
AATGTCTAAAAG	14426	30041	35140	22666	34493	4515	3	1486	2	0	RUNX3_PU1_RUNX3
CACTTATGAAAA	13374	27433	32372	21196	30345	0	1	0	0	1	RUNX3_IRF_RUNX3
CAGACGTCACCG	13268	26223	31309	18106	25140	0	3117	0	10971	4044	RUNX3_PU1_RUNX3
GCTGCCCTTAGG	8999	12498	12643	11938	11199	147	6	1168	5859	3	MYC_FOXO
ATCGAATAACTG	3618	7879	9169	8223	10634	1	0	0	1	0	MYC_RUNX3_MYC
TTATAAACAAAG	6653	16230	15970	11119	17062	4927	0	0	2149	1773	MYC_RUNX3_MYC
TAGACACTAGAC	4900	6273	8065	6964	8159	0	0	0	5778	4072	PU1_RUNX3_PU1
TCACAAGCATGA	18764	34196	43235	31857	38147	0	3973	146	0	14898	NFKB_PU1_NFKB
AATAAAAGATTG	12452	25044	25921	19445	26004	0	306	263	1	1	MYC_FOXO
GGCTATTCGAGT	14830	29374	37334	25288	32988	6435	11923	16916	15712	11241	IRF_FOXO_IRF
CAAACTCACTAT	5064	11667	8441	6150	10573	1	0	0	0	1	FOXO_FOXO
GTAGATATACCA	7319	13480	16184	11407	16918	1	0	0	2891	0	NFKB
TGCCAAGAATCC	4594	7194	8076	6849	8332	4654	0	0	0	0	FOXO_CTCF
ACTCACCCTAGA	3148	7933	12517	6269	9532	57636	111290	71979	76139	62338	NFKB_PU1_NFKB
TCATTAACAGCT	8040	17840	14598	8318	14670	11300	26967	3952	17608	25140	IRF_IRF
TGAATAAGCTAT	4317	9764	8615	5287	10326	40462	55972	29060	24401	52678	PU1_NFKB_PU1
ATCTTCTACGTC	484	389	378	319	0	4670	0	2827	3161	0	PU1_MYC_PU1
TTCCAGTGAGCT	3462	6411	7768	4601	7581	25298	89601	136675	93998	22032	NFKB_FOXO_NFKB
ACATTACCAAAA	55966	81072	89154	74966	73007	2	2469	2	2	7188	IRF_CTCF_IRF
GGTAAAAAAGAC	2936	6297	6413	3576	5776	1	1	0	0	1964	MYC_FOXO_MYC
AGTCTAATTCCT	4219	5281	6087	4986	5256	1801	984	2420	6182	1850	FOXO_MYC
CTTCTAAGGAAA	23173	49233	62827	39219	51657	506	1	7542	0	1	FOXO_FOXO
TTCCGATATATC	10075	19223	21870	15463	19667	0	3038	0	3153	5	MYC_PU1_MYC
AGAGTATAAGAT	10666	15384	14948	11885	13006	489	783	223	3341	0	NFKB
GGATAGTAGTTC	6667	12172	14728	9951	11162	0	1	2994	0	0	FOXO_CTCF
ATCTGACTCCTT	14232	23003	25690	17152	20791	5015	0	0	0	1	FOXO
AATTCAAAAATC	16708	28631	33707	24332	27316	0	5228	2	5250	1	MYC_FOXO_MYC
ACATACACAGAA	16748	28110	32901	22964	28494	10883	2265	14	0	6309	MYC_NFKB_MYC
GCATGACGTAGT	6070	10841	14566	7042	11403	6255	0	0	3329	0	FOXO_MYC
TTAAACACAAGT	13850	20417	23782	19880	19337	0	1	1	0	0	MYC_MYC_MYC
CATCTAAGTAGA	6221	12531	15713	11197	11266	0	0	0	1	0	MYC_MEF2_MYC
TGACAAAAGTTT	7547	11218	17445	11013	19381	0	1	0	2724	0	FOXO
TTGTTTAACATG	2282	3807	4155	3052	4099	0	0	0	1162	0	PU1_CTCF_PU1
CAACCATACAGA	1648	2357	4078	2599	4865	0	2686	1	1453	0	IRF_MYC
TAAAAAATCCGG	8281	12083	20334	12804	20257	262	11411	1559	0	0	NFKB
TACATAATAATC	5425	8008	6429	4183	8729	2249	6210	3867	3062	1441	PU1_FOXO_PU1
CAACTAAAAGAG	15882	39988	47952	27977	42426	103	15453	5460	3533	1	MYC_NFKB_MYC
CCTTTCCACTAA	929	2046	2492	1466	2347	0	0	0	0	1	MYC_NFKB_MYC
AGAATGCTGCTG	9446	18088	18487	16489	24714	0	0	72	0	1	MYC_RUNX3_MYC
CGATAAGCTAAA	3214	7587	10141	6029	7151	1	0	0	0	0	PU1_MYC_PU1
GGCTGACAAAAT	11503	25392	33500	21528	26170	5689	2	0	0	0	RUNX3_MYC_RUNX3
GAAACGAACTAC	4676	7626	8504	6025	8910	2899	0	0	0	0	RUNX3_MYC_RUNX3
TACTCCATAATC	3173	4267	3876	3464	3711	0	1	56418	270	1	IRF_NFKB
AAAACAAAGGGT	3462	6553	6455	3585	6497	0	0	1525	4193	4656	NFKB_RUNX3_NFKB
CATTGTATTTGT	3209	5595	6041	5268	8605	0	0	2000	20	0	NFKB_IRF_NFKB
TTACTTATTAAG	4239	5192	8598	5565	9222	0	1	1	2743	0	IRF_CTCF_IRF
GGACCAGTACGG	2313	3577	5448	3473	4097	3529	2843	2520	2305	0	FOXO_MEF2_FOXO
TTTCCGCTCCAA	13913	26870	37870	20935	27785	9114	19706	26462	17284	7507	IRF_PU1_IRF
TACATACGAAAT	6289	9195	10391	7148	9309	7083	17186	10753	37635	35040	PU1_PU1_PU1
TTTTGCGAATGA	9475	13057	18381	14638	22188	11438	34791	30531	29477	29542	PU1_NFKB_PU1
TCTGGTCCCTAC	248	0	673	124	1172	0	0	805	0	0	NFKB_MYC_NFKB
AATCACTACTTT	1892	3443	2480	2855	3652	0	1	584	0	0	MYC_FOXO
AAGCACAGATTG	1556	1440	2933	1377	2708	3893	0	0	0	0	FOXO_IRF_FOXO
AATTTTGTAAGG	2907	5554	6299	5060	6452	11009	3627	1504	10543	15517	NFKB_IRF_NFKB
TTGTTGGACAAG	2850	6593	8337	6023	4036	5969	18696	6821	16253	37249	NFKB_PU1_NFKB
GGCACCACAAAA	2330	4271	5824	3374	3065	0	1	0	0	0	RUNX3_CTCF_RUNX3
TACAAAAATCTA	13979	23081	30234	20494	27464	0	6175	11561	4366	4810	CTCF_MYC
CTGAACATCGAT	3725	6955	10686	5695	8816	0	1	3342	1	0	PU1_MYC_PU1
CTGATTCATACC	6522	14113	21662	10879	15451	0	0	25	12017	1	IRF_MYC
AAACTCCTGAAA	7064	13010	13434	11989	13108	58973	150363	71869	136965	84703	PU1_NFKB_PU1
TTTAATCCAAAC	337	1138	2533	1353	1817	1429	0	0	0	0	IRF_IRF
ATCCAAACAATC	15412	31996	35333	26925	37226	3	1	1	1	478	FOXO_CTCF
GTTAACATTAAA	8242	16065	19251	14900	18720	4526	15634	4810	10565	1855	PU1_FOXO_PU1
CAAAAGCAAGAA	6728	14830	21128	13365	23669	0	6012	0	7457	0	NFKB_RUNX3
CATCGAAGCGTG	24426	53130	52427	34635	54020	3413	1	341	0	0	FOXO_FOXO_FOXO
TTAAGTAAAATG	14348	28901	34164	21976	32200	120208	143813	79416	112877	89334	NFKB_MYC_NFKB
TACAAAACGATA	9610	19752	18086	10430	18380	2	3	0	4	2746	MYC_IRF_MYC
CTAAGCTCTATT	3722	11420	14138	11661	16462	0	0	6106	0	1136	MYC_MYC_MYC
TGGTAGTTTAAC	2246	2779	4927	2434	4231	0	0	0	3405	0	IRF_MYC_IRF
ACTAACGCTACA	7539	17907	21972	15314	21280	33264	123596	76838	99752	79390	PU1_PU1
CTCGGAATCTAG	29326	64395	86761	49526	74291	15706	9366	6357	6037	9985	RUNX3_PU1_RUNX3
ATACTCTCACAT	6617	12006	10845	9796	11343	0	1	0	0	0	RUNX3_PU1_RUNX3
TGAAAATTACTT	4803	8166	13761	6581	10570	0	0	1	0	0	MYC_FOXO
ACATAGACAACT	11710	19495	26297	17372	22285	2	0	1534	3554	1210	MYC_MYC_MYC
ATATTACCTATG	2145	4061	4792	4548	6031	0	1	1	1	2	RUNX3_MYC_RUNX3
AGCCAAATCGTT	13918	30732	38237	25914	33486	51909	119076	56545	178619	79988	PU1_MYC_PU1
CTATACGGTCAA	10773	22003	25128	17930	27270	1	0	0	1	2	RUNX3_PU1_RUNX3
CAAATGCATTCC	15687	32234	35982	23236	32438	3949	10342	5244	1	232	NFKB
GGAAGCAAAACG	3342	5972	6867	5801	7652	871	0	5053	14307	1	MYC_RUNX3_MYC
ACTAAGGCAATG	2459	3660	4951	3685	6828	0	0	0	1	0	CTCF_MYC
ATACTAGCACTG	11577	21871	27230	22736	27364	3893	0	0	3778	0	MYC_FOXO
AAGGAAACTATG	954	1873	4804	2304	3054	1	0	0	0	0	CTCF_MYC
ACCTAACCCAAG	1885	2912	3032	2196	5517	0	0	1065	0	0	NFKB_IRF_NFKB
GCCGATACTCAG	7071	14276	14090	10045	13067	0	0	0	10113	0	RUNX3_IRF_RUNX3
CAAACGACGGTT	22945	35820	42510	32099	34247	224605	498783	259077	578701	440436	NFKB_RUNX3_NFKB
TATCGAATTATT	3206	4345	6439	3315	5024	1	0	0	0	125	IRF_MYC_IRF
TTAGTTAATGAT	2430	5195	7260	2924	5932	0	2778	3	1541	1122	NFKB_MYC_NFKB
ACACGAACCTCC	7128	9100	11591	10491	6859	180865	548859	218217	391359	282979	MYC_MYC_MYC
ATACGCTAATAA	3611	6677	4723	4140	5145	4450	0	0	1001	0	RUNX3_IRF_RUNX3
TCGACTGTGGAT	2867	4354	6801	4319	4313	0	1	0	0	0	MYC_NFKB
CGCATATTGAAT	1947	3798	5247	3012	3264	3461	45	3218	24714	8586	IRF_FOXO_IRF
CGACTTACTCTT	875	1013	2364	1691	1544	0	5880	0	0	0	IRF_IRF_IRF
ATAACTCTACAT	16565	23852	30820	24554	31489	512	8320	4324	7749	4921	IRF_RUNX3_IRF
CGGAACATAATC	2244	2883	4868	1836	5512	4636	2771	1	1	4964	IRF_FOXO_IRF
AGACATAAAAAG	5811	8484	8239	5333	7337	1	3	1	1	0	FOXO_IRF_FOXO
AAACTTGACACT	8867	19820	30246	17490	22988	18879	47011	18060	29168	18425	PU1_IRF_PU1
ACCGAAACGCAT	4139	7876	11289	6293	9439	0	0	0	0	2064	NFKB_IRF_NFKB
ATTAAAATAAAG	970	1857	1170	1916	2203	0	1	0	0	0	MYC_MEF2_MYC
AAAGCCGTCGTT	3792	4142	7244	5098	5989	36632	117837	49142	61197	78544	PU1_PU1_PU1
CAAACGGGGATA	845	1072	2268	1793	3416	0	1	0	0	0	RUNX3_MYC_RUNX3
AATCATGAACGT	15889	28155	31134	23040	36694	3091	4064	836	4024	6769	FOXO_PU1_FOXO
ATTTAAACGCTG	10430	15330	18086	13031	13092	0	4635	2032	0	2932	FOXO_MYC
AACCATGTCTTG	4951	7426	10010	8535	6222	0	1	0	0	1	MYC_FOXO
AATTACCTAACT	7334	15773	19592	13734	17924	2	1	1	0	0	IRF_PU1_IRF
ATAACACACCAT	5860	9291	13683	6790	8653	0	4670	0	0	0	MYC_IRF_MYC
ATAGGCATTAAA	1088	2167	1983	2862	4129	0	0	0	2661	3407	PU1_RUNX3_PU1
GAAAACATGAGG	15646	26347	32158	25153	33399	7982	20151	17907	31185	8436	IRF_FOXO_IRF
GGAAATGCCAGC	7042	12550	16308	12577	15574	6045	9365	3798	2711	22170	PU1_FOXO
TGAATTAATATA	16776	25767	33828	21468	28703	4590	2873	1	1	1469	MYC_NFKB_MYC
TCTTACGGAGTG	7319	15806	20089	11488	15969	4695	1	0	0	0	FOXO_FOXO
ACTTAAGTGACA	2569	4680	4404	2290	5102	3988	2	0	0	0	FOXO_FOXO
GATAGCATGTCT	7400	12183	17672	14827	15585	0	5722	352	0	3795	FOXO_IRF_FOXO
TAATCCCAAAAC	5733	9656	10956	9024	7047	0	0	8003	9073	4002	PU1_CTCF_PU1
ATTTACCTAACG	1359	2211	2903	2428	3879	546	0	952	4203	3381	NFKB_PU1_NFKB
TTACGACTACTG	4892	8999	11233	7768	9361	9218	18945	7701	9122	3128	PU1_RUNX3_PU1
TTCCCAAAAGGG	3753	6952	10789	8936	7501	0	0	182	0	0	IRF_NFKB
AGCTAACAAACT	16214	30950	34149	27166	31996	16053	103265	52544	101494	31710	PU1_FOXO_PU1
AAACATTATCAA	2275	5162	7079	4467	5973	3356	2997	4774	11609	8591	IRF_PU1_IRF
AAACGTAGCAAA	3895	8091	7207	5262	9328	2751	0	0	0	0	FOXO_MEF2_FOXO
TTCATGAGTTGG	2208	4428	2822	4192	4902	0	0	0	8360	876	PU1_CTCF_PU1
AGAAGTCGCTTA	15825	27399	36186	24423	33033	2079	9266	2320	1	7013	PU1_CTCF_PU1
CTTACAGATACT	25837	46150	58218	42086	59067	13323	30051	10142	12072	13627	PU1_IRF_PU1
CTTATCCTGATT	5107	5649	11785	7290	8818	1749	1	0	0	2797	MYC_RUNX3_MYC
TAATTTATTACT	3593	4394	6006	4268	6630	8255	8344	8297	1763	1246	NFKB_NFKB_NFKB
ATATCGGTTAGT	16756	25563	30798	25239	28362	249	1828	2331	1	5362	MYC_FOXO_MYC
AAGTTAGCATTC	4941	11587	12878	6953	11393	0	2	0	0	0	FOXO_MYC
ATGGTCTCGCAC	5213	9273	10979	6710	10442	0	1	0	0	0	RUNX3_PU1_RUNX3
AACATAAGGAAT	2808	6012	6682	4218	6752	0	0	1	0	0	MYC_MYC_MYC
TCTTCAACATAA	6551	10407	10045	9930	13240	3841	9941	0	0	0	RUNX3_PU1_RUNX3
AACAAATCACGC	2310	5924	7165	3703	4838	2145	7436	7027	18506	11408	NFKB_IRF_NFKB
AATCAGGCCTCG	323	1438	1698	869	2179	0	0	7	931	7876	PU1_RUNX3_PU1
TTTCGCTTGCGC	4737	8028	10323	8406	13542	10229	64036	15094	45856	52974	PU1_IRF_PU1
AAGTGACAACTA	7680	15767	15162	12775	15913	17909	74409	52703	66498	82152	NFKB_RUNX3_NFKB
TGAACAATAGAA	9283	18992	24267	14450	20489	0	1	1582	0	1682	MYC_NFKB_MYC
GAACAACAATGT	12158	22385	23579	19017	27808	1	0	308	0	0	MYC_FOXO_MYC
AACGCAATTTAG	2293	4318	3199	2189	3441	238	10501	3592	0	348	RUNX3_PU1
TTTGCAGACTGA	13401	25011	31174	21958	25273	0	0	0	6809	1	MYC_NFKB_MYC
ACATCCTTCTGC	6368	15234	18259	13437	14502	0	23112	0	1268	10234	PU1_FOXO
AGAATACAATAA	3143	3904	6335	4927	5052	0	0	0	0	3558	IRF_NFKB
CGAAATAACAGT	1973	6019	4892	4596	6167	0	1	0	0	2828	IRF_IRF
CACAACGCTTGA	5725	8026	10372	4836	9090	0	0	0	1	0	RUNX3_IRF_RUNX3
GAGACTTTCCCA	2967	3862	4561	3658	3769	12453	93146	21579	25015	10307	NFKB_RUNX3_NFKB
AAAAGTACCACA	4813	8522	9035	6452	10189	0	0	0	0	4482	FOXO_MEF2_FOXO
TATACTAACTTT	1502	3244	2782	1402	2454	0	0	0	1338	0	IRF_FOXO_IRF
GTGAGAGGCACG	5422	8285	9622	8329	12782	6896	0	0	9786	2926	FOXO_CTCF
CATCCGCTCAGC	1741	2862	4740	2462	3311	28706	114352	26477	67929	18312	NFKB_FOXO_NFKB
ATAAGCGAACCA	11314	21096	27537	18913	28233	0	1	1	0	0	MYC_MYC_MYC
AACAAAACGAAA	13410	24825	26963	23856	28154	52519	180558	137827	236199	166937	PU1_MYC_PU1
ATAAAATGGAAG	468	1349	1599	522	1212	191	2336	652	2285	3053	PU1_MYC_PU1
AACCCCATGGTC	5704	13851	19279	9621	14935	1604	1	0	8626	0	RUNX3_CTCF_RUNX3
AGTGCCTCCCAA	20651	39935	52322	34814	54292	6215	3258	0	187	1	RUNX3_RUNX3_RUNX3
GACTTTAAATGG	2538	5229	4169	2869	4266	0	36742	1872	5651	5761	NFKB_MYC_NFKB
TCAACAACATAC	10273	20629	20572	15038	20507	0	2723	2563	0	3788	FOXO_CTCF
ATCAGTTAATTA	5858	13342	15568	10363	12601	7339	7410	4341	9996	5912	PU1_PU1_PU1
AGCTGCCAATCC	4533	8095	8972	7206	8362	31275	58411	41451	38338	50094	PU1_FOXO_PU1
CAAGAGCTGTAA	1836	3494	4300	3619	4706	0	0	0	1	1	FOXO_CTCF
AAAAAAACAAGA	184	131	2	0	131	1	0	0	0	1	IRF_NFKB
TTTTCTCGCTAG	2655	4584	6316	4826	5311	0	0	0	0	1	MYC_NFKB_MYC
AAATAAAAAGCG	4039	4428	6204	4120	5454	0	5206	0	0	0	FOXO_MYC
ATCGAATAGGAA	2692	4616	5987	4394	8373	0	0	54	0	0	MYC_MEF2_MYC
GTACTACAGTCC	6929	10664	15500	11704	12975	0	5518	2	0	0	RUNX3_MYC_RUNX3
TGATTGAGAAGC	13735	20400	34241	18984	22611	116674	530242	236021	321053	211321	NFKB_PU1_NFKB
GTACACAAGCTA	563	1500	2311	1600	2171	537	12879	398	4041	1530	NFKB_MYC_NFKB
TTTATTTCAAAC	3159	6862	8277	4932	5321	0	0	0	1286	933	MYC_PU1_MYC
CCTTCGCAAGGG	3348	6568	10393	6673	7752	11839	0	1	0	0	RUNX3_MYC_RUNX3
TATAGTCGACAT	3828	10621	10218	9998	7184	0	0	0	0	480	MYC_NFKB_MYC
CGGCGACGAACG	12138	23641	25771	19832	22298	177538	460895	230238	598892	280006	PU1_FOXO_PU1
TGCGCTACCTTT	1196	1768	3326	2036	1839	0	0	0	0	527	PU1_NFKB
TATTAAAACGTC	8012	22335	25313	19090	19472	4915	21099	2090	12478	3514	PU1_IRF_PU1
GTATAACCCATC	1215	620	2175	917	515	0	11244	0	0	0	MYC_FOXO
GATGAATCAAGA	1145	1592	816	755	1204	1014	3105	0	0	0	IRF_PU1_IRF
CACAAGCGTAGA	1425	2344	1686	1612	1203	0	0	5111	0	0	FOXO_PU1_FOXO
TTACAGTAACAC	3223	4952	6131	4046	6260	4049	1745	807	7282	13917	IRF_NFKB
AATATGCCTCAA	747	1384	3976	1965	657	0	813	0	0	0	MYC_MEF2_MYC
CATATTGAATTA	4654	7700	9663	8703	11141	0	1	1251	0	1	MYC_FOXO_MYC
AGAAGTATATCA	9171	14699	19780	15444	20663	10090	28294	11114	27186	11422	PU1_IRF_PU1
TCAATTAATCAG	6000	6381	7432	4960	10633	676	1088	13904	10865	19187	IRF_IRF_IRF
TGAAATAGTTAG	2756	4589	4073	4031	4941	1440	0	0	0	0	MYC_PU1_MYC
CCTAGCCCGTGG	1276	3771	6715	3053	3775	0	5640	0	0	0	MYC_FOXO
TGGTAAGCATTA	4013	8261	9922	6292	10728	0	1	0	0	0	IRF_CTCF_IRF
ACCTAAATAACG	5105	8281	7855	5661	9076	7628	0	3	0	0	FOXO_MYC
CTAATATATAGT	2237	3324	3350	1940	3472	0	0	0	2697	0	RUNX3_CTCF_RUNX3
TTTAAAGAAATT	3174	6266	8841	4104	4528	0	1084	0	0	0	RUNX3_RUNX3_RUNX3
AGGGAGATACGC	5164	10851	11791	9159	12063	259	6659	3589	7187	6	NFKB_IRF_NFKB
TATATGCATTTT	4505	5906	9192	6333	8259	0	1	1	0	0	FOXO_MEF2_FOXO
AGTGGACATAAG	3685	9082	8957	7759	10296	0	0	1104	0	18	FOXO_FOXO_FOXO
TTATTACAAATC	4525	7695	9197	6080	9840	0	1	0	3696	0	FOXO
TTTCTCCTAATG	507	876	303	1061	462	0	0	0	1	0	IRF_IRF
TGGCCGGTACAT	6637	10473	12373	8173	12669	0	1	0	0	0	IRF_MYC
GCTTCCTCCATC	6856	11839	13503	10723	15457	251	0	0	0	0	RUNX3_MYC_RUNX3
AGGAAACTATTA	12571	21813	28468	20448	25473	2290	914	528	0	1	PU1_NFKB
ATATCATGTAAT	2465	4394	7231	3732	4831	0	0	0	1	1	RUNX3_MYC_RUNX3
ATTGAATACGAA	5487	8014	9891	7059	9836	0	2	0	2422	0	MYC_NFKB_MYC
TAATCAACCGCC	1394	3936	2622	2115	3534	0	0	0	0	1	NFKB_RUNX3
CCTTACAAATGC	6429	13909	20509	11706	17902	2812	1	0	6635	0	MYC_NFKB_MYC
AACGAATGATTG	1886	3237	2706	2561	2938	0	3564	0	0	0	IRF_MYC_IRF
AACCAACCTTTG	1075	4280	3696	3558	5311	0	0	1098	4	0	RUNX3_PU1
TACTAGCGCGGG	4815	10144	9824	7771	5521	26255	40969	4677	43089	42290	PU1_FOXO_PU1
TTAGAGACGTCT	5563	12582	11895	11521	13145	0	7479	0	0	1	FOXO_CTCF
AAACATTAATTA	1835	3396	3191	4441	3833	0	0	177	0	0	FOXO_IRF_FOXO
TTTCATCTCAAT	4959	12516	13616	8852	13347	1865	1662	0	2539	1	NFKB_MYC_NFKB
GTAAAAGAGATA	3419	5023	5037	4631	6728	1820	5812	8154	5	3046	PU1_MEF2_PU1
ACAAAAAACTAC	268	704	965	598	857	7	10815	3246	8780	10515	PU1_PU1
ATTGCAAACTTT	2970	5626	6621	5193	8480	11277	13550	14542	19270	21561	NFKB_MYC_NFKB
CTCGAAAACATT	2565	5497	4656	3996	7819	0	3	1	0	0	PU1_CTCF_PU1
CACTAATCCATC	431	886	431	679	618	0	0	0	0	805	PU1_PU1
GGACCGAGCATA	10101	21416	18669	13495	19230	0	58932	906	409	1008	FOXO_FOXO
ACACAAAATCGC	4089	7405	12916	8735	6937	0	0	0	9722	0	IRF_CTCF_IRF
TATATCCCTTTT	312	692	1585	697	888	829	0	0	0	0	PU1_CTCF_PU1
GTCAAAACAACA	498	781	1286	1349	1326	0	0	1111	527	0	MYC_NFKB_MYC
ATACCATAGAAT	1432	2721	3079	1801	3996	0	0	745	5033	0	NFKB_FOXO_NFKB
CAATCGGCAAAC	1088	2692	5198	2583	3011	1	1	0	0	0	MYC_MYC_MYC
ATAACCAAACTA	3334	6386	8197	7264	7241	0	24023	0	0	3376	MYC_NFKB
CGAGCATTGATG	5464	10039	14971	9522	8138	0	12177	2720	7428	1322	NFKB_PU1_NFKB
TATAAAACGAAG	65	168	372	265	927	0	3	0	0	0	IRF_MYC
TCTTTATTATCA	2337	2724	3818	2873	3019	1570	0	0	0	1	RUNX3_PU1
AAAAATCTTGAC	4416	6026	8724	5348	9220	2628	3260	0	3588	1065	FOXO_IRF_FOXO
GACATACTACCG	408	1167	1880	1097	2014	0	0	0	0	1	MYC_IRF_MYC
AATCCTATCTAC	1741	2570	3547	1908	3678	0	0	0	0	1	RUNX3_PU1_RUNX3
AGCAAGATAGTA	7844	17777	19981	13485	20799	4927	10510	352	0	0	IRF_NFKB
GAGACACTAGAG	3930	8502	12344	8264	7139	0	10359	0	5909	2845	RUNX3_PU1
TACAAAGACCAG	7837	17567	19614	14620	12829	2964	0	0	6301	1	MYC_MYC_MYC
GTACAGCCTCTG	2353	4948	5819	4179	5583	0	1	0	0	1	RUNX3_IRF_RUNX3
CGGAGGCGATCA	1112	3032	5253	3741	2961	0	0	0	0	2110	CTCF_MYC
TACCACTTTAGC	9549	15632	20881	13771	15398	0	0	0	1	0	RUNX3_MYC_RUNX3
TTGAACGACCGG	1746	5080	3931	2916	3388	0	1	0	11012	0	MYC_NFKB_MYC
ATGCATTAACCT	228	168	164	238	364	551	0	3349	1878	3630	IRF_PU1_IRF
TCATAATCCAGA	6433	8860	5253	6749	9664	6899	6776	7702	8025	6933	RUNX3_CTCF_RUNX3
TTGGCTTCAAGT	3175	4595	7247	3883	5564	0	1	0	0	0	PU1_NFKB
GCCTGAAACCAA	4855	9303	15611	6510	12712	4851	14407	4522	5488	13105	FOXO_PU1_FOXO
TACAACCTTGCC	5076	8216	10643	5859	6496	177	0	0	0	0	IRF_MYC
TTTCTAGAGTCG	1055	2129	4139	2532	3172	18503	15787	2564	19655	12987	PU1_PU1
CGAGTACTTTAG	7789	14923	20531	12331	19218	0	1	0	13854	0	PU1_PU1_PU1
CGCAATAAAGCA	5593	10307	13838	7545	12563	37632	139437	59947	56873	145265	PU1_MEF2_PU1
CAGACCATTATG	8232	9006	12739	6199	7058	10426	31417	9591	23174	28806	PU1_PU1_PU1
ACCCTAATTAAC	351	517	672	153	724	0	0	2206	0	2053	NFKB_PU1_NFKB
ATTATACAAGTA	810	475	834	406	1002	1213	2999	4635	6756	1173	PU1_PU1
GGCTTTCTAATG	5546	7891	12430	7384	11462	0	0	71	1	1	FOXO_FOXO_FOXO
GAAAAGGGCTGA	1666	3622	4149	4111	4736	0	0	0	624	0	FOXO_MEF2_FOXO
GCCACTAAATTT	941	3398	3910	2030	2375	0	0	767	0	0	MYC_RUNX3_MYC
AATTATCCAAAT	2408	3508	4731	3046	4374	0	0	0	1086	0	RUNX3_PU1
TAGTGAATAGCT	7182	10487	12153	7690	7626	0	1	1	0	0	PU1_IRF_PU1
GGCAACATCTTC	1792	1664	1756	2297	1237	0	0	0	489	0	MYC_RUNX3_MYC
AAGAGGAATTTA	2460	3637	4938	3450	5280	0	11784	0	0	0	RUNX3_MYC_RUNX3
ATATTGCGGCAT	3185	8024	7642	5648	5623	4088	10293	6902	1972	7408	RUNX3_PU1
TGTTCTAATTTG	3406	6826	7073	5445	6207	5203	0	3970	4595	976	PU1_IRF_PU1
GTTTACGAATAT	1269	2054	2139	1908	1535	1514	0	0	0	5429	IRF_MYC_IRF
TACATATGACGA	7357	13633	14938	10692	13817	0	2194	0	0	2089	MYC_RUNX3_MYC
ATGTTGACCCAT	2307	6428	4862	5238	7967	7338	8452	5427	7314	11229	PU1_FOXO
ATGAAAAGACAT	339	910	1394	759	1173	0	3	1	2	1	MYC_RUNX3_MYC
TAATAGGAGCTG	417	609	42	553	985	0	0	416	2262	5776	FOXO_PU1_FOXO
TAAATCATTCAG	5840	7645	12511	7071	8762	4719	765	5153	6351	9713	IRF_NFKB
CAGTACACTTAT	965	1754	3479	2299	2943	0	0	67	0	0	MYC_MYC_MYC
AACCTTTAAGAG	1091	1521	1099	1312	2366	2007	1	0	1	28832	MYC_IRF_MYC
AGCTGGTAGGGA	1790	3113	3344	3983	3370	1825	19407	1705	5075	2416	PU1_MEF2_PU1
TATTGTATCGAC	3194	2918	5941	3099	5278	440	0	0	0	0	NFKB_FOXO_NFKB
AGAAGCATTGCC	9902	14971	20986	15229	18787	2299	2	0	0	0	FOXO_MYC
CTGTTTGTTTAT	5058	9264	11498	5735	9553	0	1	0	1	0	MYC_NFKB_MYC
AGTGAGAAACTA	6423	14305	14181	9196	17520	18321	57290	19227	68733	40107	PU1_PU1
AGAGTGTATGGG	1949	2689	4194	3488	3534	0	3995	0	0	0	PU1_PU1_PU1
TTGTTTATAGGC	6278	11260	11265	11117	11816	3760	21455	7062	8364	0	NFKB_FOXO_NFKB
AATAATACGTCT	4993	6377	6614	5384	4241	732	7538	7756	7828	5586	PU1_MEF2_PU1
ATAAAAAGAGGC	841	946	999	434	1645	0	0	0	0	1	MYC_MYC_MYC
TTTCTCAAATTT	8453	19601	24010	16699	24893	0	1	0	4742	0	IRF_RUNX3_IRF
TTGAACATTAGG	872	1136	2731	1222	2158	2008	34219	2575	0	478	RUNX3_MYC_RUNX3
GTTCTAAAATCG	3061	5589	6998	5426	6698	682	0	0	0	0	MYC_MYC_MYC
ACAATAAAAACA	1761	3682	3741	1624	3636	0	0	0	3986	0	IRF_PU1_IRF
TTGGCGTAGCTA	4297	7151	9633	6816	9765	0	1	0	0	0	MYC_MYC_MYC
GGATTCGAAATT	6028	7850	10137	6436	5883	0	177	13	2933	0	MYC_IRF_MYC
GGATTTATAAAA	1550	3105	3224	2423	3021	1882	11454	9580	9066	18378	PU1_FOXO_PU1
TTACGCTTTTTG	1027	2819	4073	2190	2431	7657	32653	15021	27983	27126	NFKB_PU1_NFKB
ATTGCCTGTACC	556	678	800	507	449	3832	10416	3756	7144	12552	NFKB_MYC_NFKB
AATTAAAAAAAG	1099	1982	2563	1978	2577	0	1	0	0	0	RUNX3_RUNX3_RUNX3
ACTTGTTAATAG	1260	2169	4089	3209	2030	0	0	0	0	1	RUNX3_PU1
TGTTCACACTCA	1483	5843	6638	4528	6202	0	39656	5633	12050	7069	PU1_PU1
AATAAACCTTAC	266	1028	708	1141	566	0	856	1465	5798	2516	PU1_RUNX3_PU1
TAGAACGGCCCG	1998	4633	5146	3927	5729	5424	0	0	0	0	NFKB
TATTGCAATATT	1760	3497	4795	2392	2023	0	0	0	1	0	MYC_RUNX3_MYC
ACAAGAAAAATA	340	153	1	1	537	4679	314	348	3247	0	PU1_MYC_PU1
AAATCAGATAAT	1905	4075	2724	1942	4934	1	0	0	0	0	MYC_MEF2_MYC
GAGGGATATAGG	265	827	1424	1173	466	109	0	0	0	0	IRF_FOXO_IRF
CTCGCACGTACG	5518	9833	11299	6722	7534	0	0	2	0	0	MYC_MYC_MYC
CGGAAGAGAAAT	1107	1122	1399	1245	735	2063	0	0	1	812	CTCF_MYC
AGTGGCATGTAC	1398	3387	4887	2487	3136	6	2893	1100	1	791	NFKB_IRF_NFKB
AAATTCGAGTCG	319	1938	150	1524	1007	0	1	0	0	0	NFKB_MYC_NFKB
ATAAGCATTTCC	1860	4388	6036	3419	4459	6356	11588	26393	23632	23254	NFKB_RUNX3_NFKB
TCTCACTTACCT	7562	15878	16460	13042	14373	11822	45203	15030	37019	12664	IRF_FOXO_IRF
CGAAAATCAGCC	1652	1967	5568	1990	2985	24242	2	7787	28912	14585	NFKB_MYC_NFKB
TATCACTAAAAA	850	1206	2810	1093	1087	0	2394	1946	0	1459	IRF_MYC_IRF
TGTAAATGAATA	2994	7603	11457	7004	6878	1999	1655	0	3687	3356	PU1_NFKB_PU1
AACAAACTTACT	1609	3072	2023	2923	2963	0	0	0	2402	0	NFKB_RUNX3
GAAAAATGCTAC	1116	1924	2472	1979	2134	0	8195	2059	1	0	FOXO_IRF_FOXO
AATTGAAACCAG	3598	6795	9431	6567	6957	0	4777	1349	2408	2594	IRF_RUNX3_IRF
AACTATAGATTC	1884	4233	6447	4234	4880	1669	9270	3684	1714	338	NFKB_NFKB_NFKB
CACAAACCTTTA	610	1069	1141	528	246	0	1	0	0	0	FOXO_FOXO_FOXO
ACTCCCTATAAT	243	532	204	364	484	0	3610	0	23222	8090	NFKB_FOXO_NFKB
AATGATAAAACT	874	1403	2007	1367	2307	0	6302	0	0	0	CTCF_MYC
ACGGCCAAGCGA	698	1497	3017	3251	1953	0	9772	0	7743	11710	IRF_MYC_IRF
CTCTTACTTCCT	1797	4421	5430	2718	4734	0	0	1	4780	0	FOXO_MYC
CGTTTACATATT	770	993	1909	506	417	0	0	1266	0	0	RUNX3_CTCF_RUNX3
CATAATAAAGAA	501	1064	1560	560	1375	0	1	0	0	0	FOXO_FOXO_FOXO
GGCTCACACGAA	1945	6054	4228	5607	7413	0	352	4202	0	0	IRF_RUNX3_IRF
TTCATGGCAGCT	8141	20961	21577	15416	21596	1	0	0	1	0	RUNX3_IRF_RUNX3
CATACCGACCAG	1398	3276	3818	2793	2744	133	13235	6735	6055	3461	NFKB_FOXO_NFKB
AGGCTTCGCGCA	2987	7521	7326	6174	8286	1398	0	1	0	0	MYC_MYC_MYC
ATAGTATATATG	5895	7868	11379	7085	13477	804	0	0	0	0	RUNX3_CTCF_RUNX3
CAGGCGGGCTAT	3260	5212	8242	5362	9303	0	0	1	0	0	FOXO_CTCF
AATATATGGATC	284	492	554	455	291	445	0	0	0	0	PU1_MYC_PU1
TAATCATAAGAA	4536	6780	7132	7422	12220	2359	19373	3694	6799	5305	IRF_IRF_IRF
TAGCACCAAATT	3493	4399	7685	6128	5948	32259	97632	60242	122401	55555	PU1_MYC_PU1
GCACAAAAATTG	1114	3263	1369	1495	3265	0	2898	0	1	0	FOXO_FOXO
AAATCTTTGATG	1263	1400	3229	1546	1650	0	0	0	0	813	NFKB
TGTCTTAATATA	968	1462	1501	1400	1601	9	2359	108	0	0	IRF_IRF_IRF
GATGCCAGTCAC	1298	2913	2424	959	4413	0	4111	6613	0	0	MYC_MYC_MYC
TCTGATCTCAAG	6478	10257	18387	11706	13699	4989	15085	0	23060	6373	FOXO_IRF_FOXO
GATGAATAATTG	1495	2883	2774	2264	1568	0	0	4042	0	0	NFKB_RUNX3
TGTGACTCATTG	3591	5640	8761	4685	5880	0	0	0	0	1	MYC_MYC_MYC
AATTAATAAGCC	1815	3638	3600	2670	4588	0	0	0	2	0	FOXO_IRF_FOXO
TTAAACTTACCG	3015	4049	5129	2835	3423	0	2	2856	1	2799	NFKB_NFKB_NFKB
CCCATCCCACAA	632	2938	3552	3040	1521	4704	0	0	0	0	FOXO_FOXO
AAAGTATAAAAC	831	918	1847	2075	2898	0	0	0	1	1	MYC_PU1_MYC
TATATACTAATG	3024	6160	6178	6918	8115	1053	0	1487	0	201	MYC_MYC_MYC
TATTTAAGTACA	1038	1792	2377	1300	2823	0	0	0	0	21	PU1_IRF_PU1
AAAGGCGTAATT	4388	8673	10133	6618	6740	0	0	2084	1	1	MYC_NFKB_MYC
TGTAACGATTTT	12134	18493	21917	16994	15283	1108	1999	0	10847	1668	PU1_NFKB
ACCTGTACCAAA	1821	2824	4282	2543	3335	0	0	0	12	0	RUNX3_IRF_RUNX3
AACGAAAGAGGG	734	1589	2636	1350	1721	14320	30419	26473	22448	25125	PU1_PU1
ATCAGGATTATT	3947	6915	7299	6491	7942	0	1	885	1	2	IRF_CTCF_IRF
TTTAAGAGAATC	954	972	1379	314	627	0	3996	0	0	0	PU1_NFKB
CTCTATAATGGA	4299	7321	10681	8031	11784	0	0	1	0	0	FOXO_IRF_FOXO
ACAGGACTAGAG	2081	4676	7517	3758	4325	0	0	4046	0	0	MYC_MYC_MYC
GAGCATATACTC	2819	3257	4439	3713	5595	0	0	0	528	0	FOXO
GATTAAATGCAG	5996	10522	16000	12951	11664	3786	19420	3518	1216	1	IRF_NFKB
AAAAATTTTCCT	3639	4067	6400	4561	4784	0	0	0	2167	1	FOXO_FOXO_FOXO
GTGAATAAGAAA	1394	2934	5929	1736	2612	86	2862	2390	4386	0	IRF_PU1_IRF
CACACAAACAAC	2888	6691	5145	3714	8642	0	1	1	0	0	RUNX3_PU1_RUNX3
GGCTGCAAAACA	597	902	1440	573	1063	0	15	0	0	0	IRF_MYC
AATTTGTCCTAG	1516	3649	3497	2703	4387	0	0	0	0	2963	MYC_NFKB_MYC
AGCCCCCCAGAT	3830	6186	8595	6178	7418	0	0	195	2312	0	NFKB_IRF_NFKB
AAACCACCATCG	154	0	405	173	302	467	0	8179	3973	711	PU1_IRF_PU1
AAACGACAAATC	4756	8290	10344	8205	10686	2226	0	2258	0	0	FOXO_FOXO_FOXO
AAAGTTTGAATG	5540	17710	19179	9592	17526	0	1	665	2	0	NFKB_RUNX3
GTATATGAAATT	1831	2137	3747	2483	5356	0	3925	0	0	0	RUNX3_RUNX3_RUNX3
GATATTAAATCC	4337	7888	10947	8187	8568	0	2034	0	0	0	MYC_IRF_MYC
ACTAATCTATAA	3506	4818	6449	4308	7544	0	3491	540	365	1	MYC_IRF_MYC
TGCCCGAATTCG	886	702	1846	1157	2323	0	0	1663	0	0	PU1_RUNX3_PU1
CTTAATACATGA	3401	6739	8025	3268	6031	0	0	0	0	1331	MYC_RUNX3_MYC
AACAGCATATCA	943	2709	1862	2062	1824	4629	0	0	2676	265	NFKB_MYC_NFKB
GCACCATGTGAT	2444	3513	4834	4383	4635	0	0	932	0	0	RUNX3_CTCF_RUNX3
TCAAATCCAACT	200	11	738	158	227	0	0	0	1	0	FOXO_CTCF
TAAATGTGTCAG	1804	3246	4984	3415	4589	1421	11307	16685	21009	25049	NFKB_PU1_NFKB
GTCGGCTTCCCA	5269	11966	13914	9772	14386	4039	7717	7203	22298	4943	IRF_FOXO_IRF
AGATTCAACATA	4239	6054	8537	6884	9580	9708	54692	26926	10722	27273	NFKB_NFKB_NFKB
CAAACATGAGCT	1907	2402	2099	1463	2296	1	0	901	0	1	FOXO_MEF2_FOXO
AAAAGGCTTAAA	1638	3041	3248	3221	3872	0	0	0	1	0	MYC_MYC_MYC
TTCTTTAGCGCT	3309	5537	5376	6024	6331	0	0	1450	0	0	IRF_CTCF_IRF
ATGGCCATTAGT	1775	4078	3134	2741	6266	3450	0	1	0	1	FOXO_PU1_FOXO
AATAGAGTTATG	1011	2483	3723	2782	2463	0	0	0	0	617	PU1_MEF2_PU1
CCAGTCAGTCTG	4805	12101	12995	7487	11316	3866	0	0	0	0	RUNX3_MYC_RUNX3
AACATCTATATA	1296	1222	884	841	1404	5618	8482	9916	2395	3973	PU1_NFKB_PU1
CACCCCACTAAA	5497	10666	14350	11033	10664	0	0	5	0	0	MYC_MYC_MYC
TACTACTTGATG	3315	4735	4046	3224	4404	856	19195	1307	10102	3191	PU1_MEF2_PU1
CCGGATAGTATT	3779	4721	8792	3804	4675	0	8298	1204	38656	1335	NFKB_IRF_NFKB
AACCTCAAACAA	1164	3328	2174	1439	2445	0	0	0	7113	0	MYC_NFKB_MYC
TTGTGATCATAA	6346	9122	11818	10181	9359	0	0	0	0	1	FOXO_FOXO
AAAGAAATCACG	2042	3143	1368	1844	2548	0	1	0	0	0	MYC_NFKB_MYC
TAAAATGAATGA	5591	7897	10450	6297	10051	1	0	0	0	0	NFKB_NFKB_NFKB
GAGCAACCTTCG	325	632	626	293	271	1	0	0	0	0	RUNX3_IRF_RUNX3
TTCGATACTGCT	266	973	933	378	2179	0	5846	0	1757	563	NFKB_NFKB_NFKB
TTTTTTAATTAA	4889	8323	9094	6383	9398	0	1	0	0	0	FOXO
GATAATGGATGG	1179	2287	2500	2084	2493	5527	54561	14435	11025	18738	PU1_FOXO_PU1
AAATTCCAACAC	2596	3415	3662	4001	5600	0	0	0	0	1	IRF_MYC
AGTTTAATAGAA	3501	5390	8274	3795	7211	0	62	2213	491	470	FOXO_MEF2_FOXO
AGGCATTCTATA	419	1198	639	996	850	0	0	0	1	0	IRF_CTCF_IRF
AGACATTTACGT	1077	1353	2648	1614	1889	331	0	0	0	8	FOXO_PU1_FOXO
GATTAAGGATAA	964	1093	1777	1102	1150	0	0	601	1825	3533	PU1_MYC_PU1
GAAACACAAGAT	7895	17595	21208	11274	18319	7940	3342	3791	2244	7603	IRF_NFKB
ACTTGCCTTATA	1567	2509	3850	2220	3111	360	7305	147	3667	1197	PU1_PU1
GTGGTTACAGCG	246	594	284	373	356	3	3977	0	0	0	NFKB_FOXO_NFKB
TAACCGAATACA	2006	4979	5668	3105	4104	0	0	2	0	0	CTCF_MYC
CGTTATATGAGC	983	2205	1800	1621	1950	5214	42303	6720	3833	16407	NFKB_MYC_NFKB
TCTCTGGCAATT	859	2808	1985	1322	2065	0	1	0	0	0	MYC_IRF_MYC
GATGTCCTCCAG	612	1222	1018	380	1148	1155	2	650	0	8	PU1_CTCF_PU1
TACACCAGGATG	4575	5435	4590	4412	6391	48643	148225	110722	168169	73600	NFKB_PU1_NFKB
TAGCTGCATCTG	205	6	210	53	86	10627	0	0	0	0	NFKB_PU1_NFKB
TTTATGAAAGTA	545	1645	1335	1447	1424	0	0	1189	0	0	RUNX3_PU1
TTCAAAAAATAT	2419	5203	7181	5507	6465	0	0	1318	0	0	IRF_NFKB
GGACTGAGCCGA	6399	10411	12394	8478	10870	0	4489	0	0	66	RUNX3_MYC_RUNX3
TAACTATTAATC	756	1495	2946	1900	2206	0	284	3344	8026	2865	PU1_NFKB_PU1
AATAAACATGCC	319	755	764	87	1	0	0	0	1138	10	PU1_PU1_PU1
TGTTTCGAACTT	498	2183	2943	1876	1250	0	0	0	5549	0	IRF_PU1_IRF
AGATATTTTATA	1440	2444	3027	2747	3704	487	1	429	200	0	MYC_PU1_MYC
TTGAAATTTATA	4616	8459	9621	5595	8874	0	0	1	0	2042	IRF_PU1_IRF
ATTTTCAACTTG	1422	3529	4039	3376	4080	0	1	0	0	0	MYC_MYC_MYC
CAATTTTTGAGC	3539	4842	9245	4903	7996	5628	1	1670	58	7655	PU1_PU1_PU1
CATATAAAAATG	247	147	491	61	124	0	0	167	0	0	IRF_IRF_IRF
GATAGCCCAAAT	1989	2872	5598	3237	4697	0	1061	0	0	0	PU1_NFKB
GGAGAGATAAAA	3882	5496	5955	4453	6535	0	2878	24	0	0	MYC_PU1_MYC
ACACATGTAACC	3951	8225	11862	7766	13548	0	0	1	0	0	MYC_MYC_MYC
TGGTTGATTGTA	3105	7279	5195	4727	7229	0	0	0	1390	4689	PU1_RUNX3_PU1
ATCTCCTGTAGC	1391	2107	3866	1166	3415	9594	16870	1682	5800	8562	PU1_MYC_PU1
AAAGCTAAGTTG	342	1475	932	532	1310	328	0	0	2091	2026	PU1_MEF2_PU1
AATACAAAAAAC	1849	3060	4011	1910	2198	0	172	0	0	1174	PU1_IRF_PU1
TGGGAACATAAT	2162	2393	4831	2906	3670	0	1	0	0	0	IRF_MYC_IRF
TAACCACCAATC	358	801	1762	721	1498	0	0	0	0	1	IRF_CTCF_IRF
TCAATTATTTGC	5623	10773	11374	9466	7814	6889	6371	699	6707	3865	PU1_IRF_PU1
CAAATAAATTGC	743	3119	4016	1474	3950	0	0	1294	4	3786	PU1_FOXO_PU1
GACAACAAACAA	2447	2847	3891	2511	4104	2335	3573	15955	2376	2328	NFKB_NFKB_NFKB
TACCTTGTCTAG	1385	2503	2675	2158	1300	1	0	0	0	0	PU1_FOXO
AGATTTAACCAA	321	683	481	90	315	1378	701	373	1200	0	IRF_IRF_IRF
ACTCACGATCCA	1053	2259	1231	2657	2477	0	3362	0	1	0	MYC_FOXO_MYC
CATGATAGGCCG	973	2588	2862	2306	4922	0	1	0	0	6658	FOXO_PU1_FOXO
TGTCAATTTGCG	707	385	925	515	586	0	1	0	0	0	MYC_MEF2_MYC
AACGTTCTTTTT	994	1387	2500	1906	1914	0	0	0	0	4086	FOXO_MYC
AGTACTACGTAG	551	1742	2944	1048	3754	0	0	781	6082	0	IRF_IRF_IRF
TAGCAAAATACT	2532	4384	7765	2988	5143	0	0	1	0	0	FOXO
CACACTGGACAT	2137	3901	5783	6028	4996	0	1	0	0	0	FOXO_MEF2_FOXO
AGAAATCATATC	1672	3128	2699	2379	2953	0	0	0	1	0	MYC_NFKB_MYC
TAAATGGCTCTC	655	437	0	246	36	582	0	0	0	0	MYC_MYC_MYC
TACTTCGCACCG	5795	11472	18587	11504	10778	0	1	0	0	0	NFKB_PU1_NFKB
ACACTGCAAAGT	150	454	338	326	661	0	9	3166	0	0	PU1_FOXO_PU1
GATACAGCCTCT	639	844	1594	1472	1528	0	0	2163	0	0	MYC_IRF_MYC
CAAATAAACAAA	111	1226	1449	667	872	1	0	0	1492	0	PU1_FOXO_PU1
ATAACGTCAATG	384	475	0	111	0	0	1336	0	2408	0	NFKB_RUNX3
AATCCATTAATG	1669	4692	4717	4588	5698	1677	0	0	0	0	FOXO_MYC
CTTTAAGTATTC	2892	7448	8515	4628	6607	0	0	0	0	1854	IRF_FOXO_IRF
ACTTGCGCGTCG	1356	3490	4213	2944	4469	542	3594	2265	0	1404	FOXO_PU1_FOXO
CGCTATACATGG	1226	2239	2906	2164	2198	0	1677	0	0	0	RUNX3_MYC_RUNX3
ACACTACTGCTA	1972	4317	4263	2931	4486	0	0	0	5654	1860	FOXO
GTTATACAATCA	1113	2452	2084	1889	1404	95	16071	2040	8240	1739	PU1_FOXO_PU1
GAAATACTTACA	1453	1768	2115	1774	2582	2669	3665	4304	9835	6094	IRF_PU1_IRF
AGTAAACACAGT	729	1271	2260	1472	1010	0	0	0	1499	0	NFKB_MYC_NFKB
GTTTTCTCCCAA	143	0	251	196	0	2648	0	4	13718	0	PU1_MYC_PU1
TAGCCAATTCTG	1686	3416	2158	3066	4358	0	5084	0	0	0	RUNX3_CTCF_RUNX3
TGGCGCCAAGGT	1820	2543	3451	2132	1272	0	0	0	3782	0	RUNX3_PU1
GCGGACATGAAT	244	195	506	152	335	0	0	4391	0	0	MYC_NFKB
GTTATGAGAAAA	1236	1725	1969	1241	1556	124	0	1326	7266	0	PU1_FOXO_PU1
TATGCATCTCCT	3455	8162	13075	5970	9427	5387	5000	5781	2	6221	IRF_FOXO_IRF
GGACCTCGGTGT	1132	4191	3889	3619	5057	0	0	0	0	1140	PU1_FOXO
CTTAAATATAAT	1071	669	560	609	989	0	1	1	1	0	MYC_IRF_MYC
TAAATCATTGAG	1192	1587	3184	1424	2725	1	0	0	1	0	MYC_RUNX3_MYC
ACACATCTTAAA	64	0	176	373	175	1	0	0	0	0	NFKB_PU1_NFKB
TCTTTAACATTC	1799	5140	7234	4492	5520	0	1	0	0	0	FOXO_FOXO_FOXO
ATTATGGTGTAA	2322	3962	5690	3986	5495	0	0	0	3444	0	MYC_FOXO_MYC
ACTGGCAACAAT	427	285	706	674	1121	4282	1108	1416	4952	0	FOXO_PU1_FOXO
TATGGATAGCCG	939	1634	1324	1120	1779	0	0	2170	0	1	MYC_NFKB
AGTAAACTTACG	2368	4953	6190	4399	5021	0	0	1412	4648	0	NFKB_RUNX3
GGCAATCCATTG	891	1823	3354	1497	2311	0	1	0	0	0	NFKB
ACTCCTACATAA	1811	2524	4402	3230	2109	0	0	0	0	183	PU1_MYC_PU1
TCCAACTGGCTT	3023	5654	5803	5229	4574	0	1	0	0	0	MYC_MEF2_MYC
TTATATAGAACT	877	1738	2291	1580	1778	2146	0	75	0	0	IRF_RUNX3_IRF
TATGAATGTAAA	1206	2547	2145	2425	2325	0	25	0	0	0	PU1_MYC_PU1
TACTTTACAACG	521	624	396	0	940	2057	7577	7098	0	3144	PU1_FOXO_PU1
AACTTTGAGTAT	1847	2920	5505	3324	4482	0	0	0	7170	0	NFKB_MYC_NFKB
TTTGGATTAGGG	1651	1820	3459	1765	2543	0	0	0	2	0	FOXO_MYC
CTTGACAAGGAG	829	1030	1844	559	563	1876	0	4406	0	6409	NFKB_IRF_NFKB
AACCATCCTAAG	1909	5548	3463	2777	6439	0	52	0	0	0	MYC_PU1_MYC
GTAAACATGCCT	242	177	3	122	114	178	0	0	0	0	MYC_PU1_MYC
CAAAATTGATTT	2518	3855	3709	2543	4658	0	0	3001	0	0	MYC_NFKB
AAATGTGTGGAG	265	102	557	220	0	15	4091	4524	6431	0	NFKB_PU1_NFKB
ATATATAAAGAT	1938	4558	4473	3013	4322	0	318	847	1	856	NFKB_IRF_NFKB
CGCCCTTAGCTG	3247	5745	6731	6108	7652	0	188	1	0	0	MYC_IRF_MYC
GCATGTTCTAAC	345	627	940	1185	698	1	0	0	0	0	MYC_IRF_MYC
GAAAAAGACTAA	1845	6124	8934	3483	6627	1405	10726	154	9603	5546	PU1_MYC_PU1
GCTCCGAACTAT	1506	941	1614	804	999	27566	12545	9830	11116	10245	NFKB_NFKB_NFKB
CTTCGATATCAG	1632	2431	5071	2241	3335	427	1	0	0	1	FOXO
ACAGACTTTCAG	1399	2188	2025	1816	2209	358	1	1	0	0	MYC_IRF_MYC
TAATTAGCATTA	465	1136	690	706	1003	0	0	0	1756	0	FOXO
TGAGAGAATACC	1053	2382	2527	1457	1347	0	0	0	3012	1	FOXO_FOXO
TGACTAGGATAC	667	1425	2595	182	1737	1	1	10879	0	0	MYC_RUNX3_MYC
TATAAGTTGCAC	4066	8437	9776	7326	9145	4427	3948	1	0	440	MYC_FOXO_MYC
GCACCTAACAAC	1097	3583	3009	2354	3037	0	0	1	0	0	MYC_IRF_MYC
AACTCAGCTAGT	534	1341	1777	1614	1597	0	0	1427	0	0	IRF_MYC_IRF
ACACGACGACTT	2513	5863	5505	4970	4550	0	8518	0	0	0	FOXO_MYC
AAACCCATCAAA	2074	2673	2908	2433	3271	2038	1	0	4964	0	MYC_RUNX3_MYC
ATATTACATACT	1663	3106	4290	2835	3215	310	0	1165	3060	1083	PU1_IRF_PU1
ATTAACAGTCAG	1255	2092	1528	1734	1041	1153	0	0	0	0	PU1_MEF2_PU1
GCACCCATACGA	664	1464	108	1230	1550	1549	0	1972	0	575	IRF_FOXO_IRF
TAAGACATGTGT	1341	3124	4882	3180	5061	0	0	893	0	0	IRF_IRF
AGTCAAACAGCA	2089	3114	4633	4017	3291	2409	0	1219	3803	2457	PU1_CTCF_PU1
GACCCATAAGGA	617	626	1004	572	1587	3486	0	0	0	0	MYC_MEF2_MYC
AATCCGCAGGAA	631	841	141	137	149	0	0	3336	0	0	IRF_PU1_IRF
CTTCAAATAAAG	2020	3369	4624	2646	3180	8152	5086	0	11377	8054	PU1_PU1_PU1
GTTAATTACCTT	1024	2182	3732	2802	2596	0	6565	3337	5202	2778	PU1_MYC_PU1
TTCGCAATTAAC	2117	4839	3925	4860	5412	3460	0	0	0	0	MYC_NFKB_MYC
TTACAGGATAGG	1617	3103	2336	2795	3522	0	0	0	0	1587	FOXO_PU1_FOXO
TGATTTAAGAAG	2286	4205	3839	4843	5277	0	0	0	4667	0	FOXO_PU1_FOXO
AAATTCACATAC	1135	3285	4357	1498	3493	1101	0	0	0	0	RUNX3_PU1_RUNX3
AACAACAAGAAC	515	161	625	370	270	0	1	0	0	0	CTCF_MYC
AATTAGAATTAA	1390	2852	2432	1501	2438	1081	667	1092	913	1164	PU1_NFKB_PU1
CGAACTTGAACC	528	676	1079	581	948	0	0	0	994	0	FOXO_CTCF
AATACAGTCTCC	857	440	1738	790	1053	2220	0	0	0	5	PU1_MEF2_PU1
AATGATGGGTTT	669	1673	2810	453	2440	2	0	0	0	0	MYC_NFKB_MYC
TCCAAGTATGTG	2547	3846	4300	2517	5777	3539	0	0	10371	0	NFKB_RUNX3_NFKB
AGGATCGAAAAC	1235	3000	3545	2937	4709	0	5443	0	0	1	MYC_FOXO
ATAGATACTTTT	523	1562	1320	1104	1617	0	0	0	1	0	NFKB_RUNX3
AGGAACAGAGAA	2272	3174	2802	2570	4208	53775	109666	82666	141313	105079	PU1_FOXO_PU1
ATTTCTCCTCAA	825	1837	3041	1280	2075	0	0	0	0	1	RUNX3_PU1_RUNX3
ACCAAATACTTA	1717	4842	8180	3607	7662	0	0	0	861	0	MYC_MYC_MYC
GACCACGGGATG	1360	1775	2836	2136	1777	2120	0	0	0	0	MYC_NFKB_MYC
TAAAGCAAAAAC	411	1044	1240	1428	853	0	0	0	15837	0	MYC_NFKB_MYC
AATTTTAACTTA	224	641	987	498	1351	14899	234	4893	8420	1773	NFKB_FOXO_NFKB
GCAAAACTACAG	251	882	2594	2004	1480	0	0	2453	0	5113	MYC_NFKB
ATTCATTTGTCT	119	88	216	227	816	0	0	0	0	3941	PU1_FOXO
AATAGGTATTTA	821	952	1495	1095	1395	0	0	0	2533	0	FOXO_MYC
GTGATCTCGGGG	1683	3697	2256	2327	4171	49444	168621	47579	74803	92405	PU1_IRF_PU1
CAAACCGTCAAA	359	962	850	1104	779	60	9313	2850	0	0	PU1_PU1_PU1
TGAATTACAATG	839	1889	1812	2639	1949	0	0	0	0	125	IRF_NFKB
ATCAATCTCAAG	1468	2269	2201	2558	2346	713	0	1	3864	0	IRF_RUNX3_IRF
GCCAGGCTTTTT	703	1325	1979	904	1625	1	0	0	0	0	MYC_MYC_MYC
GAAAGACATAGC	185	233	404	140	952	0	9937	15	0	0	FOXO_IRF_FOXO
ACGTACGCATAC	224	376	947	632	699	0	0	0	0	686	NFKB_RUNX3
CCTCAGCCGAAC	687	360	953	255	529	0	0	0	0	1282	PU1_PU1_PU1
CATATCCAGAAA	1457	1417	1689	1228	2486	0	0	0	1	0	RUNX3_IRF_RUNX3
GATAACCGACTT	636	446	1403	585	735	2538	3205	0	3171	1215	NFKB_PU1_NFKB
GTACACATTACC	813	869	1605	1342	1023	0	1	0	0	0	MYC_FOXO_MYC
ATACCTGTGCCC	780	1277	264	1215	1450	1447	0	0	0	10721	IRF_FOXO_IRF
ACCAAAAGATTA	1661	2385	3434	1730	2567	855	1	1	3900	2628	NFKB_PU1_NFKB
AAACGGCGCATG	448	1445	1294	858	985	1884	0	620	0	1180	FOXO_IRF_FOXO
ACGTTACACTAC	1106	2176	2212	2125	2210	0	0	0	1517	0	MYC_MYC_MYC
AGGCCCCTATTC	1705	4935	4692	2872	5513	0	0	0	4512	0	RUNX3_PU1_RUNX3
ATGCGCGCAAAT	689	1162	1382	1037	793	313	1701	1450	4611	9168	PU1_FOXO_PU1
AAAAAAGTCATC	2144	3057	4285	3178	3197	0	0	0	0	1	NFKB
ACAGAAATGAAG	252	360	1269	606	895	0	1	1	2	1	PU1_RUNX3_PU1
GTAATAAAGGTG	178	0	281	356	75	0	0	0	0	4781	PU1_IRF_PU1
AACCATACACAC	804	917	3125	834	1678	23942	65407	16160	30772	57422	NFKB_NFKB_NFKB
GAAACAAGTGCG	274	285	234	268	586	0	0	993	0	0	MYC_NFKB
TAAACGATATCT	438	483	1005	370	490	0	0	1	0	0	MYC_NFKB
CCTTCAAAAATC	969	1787	3119	1217	2533	0	6335	2632	0	0	MYC_NFKB_MYC
CTCATGATAGGG	1427	2617	2821	1624	1587	3	0	0	0	0	NFKB
CGGTCACGCACG	639	1853	1069	1230	1261	0	1	0	0	0	MYC_PU1_MYC
TCGAAAATTGAC	259	422	1569	160	1441	0	0	0	6533	4256	PU1_MEF2_PU1
CGGGTCATTGGC	1578	1659	2489	2702	1693	9726	0	0	0	0	RUNX3_MYC_RUNX3
TTATAAAAAATG	661	861	1051	347	1012	0	0	0	0	2	FOXO
AAATTAAAGCAA	2379	3764	4166	3344	5628	221	747	269	6805	1602	PU1_IRF_PU1
TTGCCCCCATAG	659	1405	2874	379	2433	0	1	1	0	1	RUNX3_PU1_RUNX3
TAAATTATAAAA	321	279	614	440	341	0	0	0	0	1	MYC_RUNX3_MYC
ACACAGGAAATG	2740	7081	6839	4630	8414	4212	0	943	2202	1456	NFKB_MYC_NFKB
AAAAGTCTTATG	210	319	291	531	1061	1893	25597	3893	9304	26116	NFKB_RUNX3_NFKB
ACAACCTGTGGC	950	2388	2604	1448	2852	4134	47	1620	2829	452	FOXO_IRF_FOXO
CAATTTTTCCTA	1292	3715	6727	4303	4924	3760	11847	2250	5402	1438	NFKB_MYC_NFKB
TACTACTAATTC	1018	1391	2200	1060	3026	1737	0	0	0	0	MYC_IRF_MYC
TATAACTTTCAA	306	189	154	141	607	2	1	1	0	0	RUNX3_RUNX3_RUNX3
CAGGAACGATAC	1002	1482	2394	1709	2517	0	1	3230	0	0	MYC_NFKB
GTAGCAAACTAA	275	390	373	271	665	292	0	0	0	0	PU1_IRF_PU1
CTAAAATACAAT	929	1694	1206	786	1788	0	1	0	0	0	FOXO_MEF2_FOXO
GGGTAATTTTCG	1130	1288	1263	766	1949	0	4336	0	1	165	RUNX3_PU1
GATAATATTCCT	138	823	462	687	471	2867	3004	1550	5418	507	PU1_PU1
AACGCGAAAGAT	1494	2509	2193	2923	2090	0	1	0	0	0	MYC_FOXO
GAGATAATTTTT	719	1158	1775	509	1776	0	0	1	0	0	RUNX3_CTCF_RUNX3
TACACCTGTGCC	116	208	190	317	249	4884	5106	0	0	2391	PU1_NFKB
TACACAAGTCGC	1562	3671	6020	1960	5367	10677	31430	25451	11194	25297	NFKB_PU1_NFKB
AGTACTCAGAGT	409	210	203	360	140	1	0	0	0	0	NFKB_FOXO_NFKB
GTCAGCGTTTTC	606	758	667	513	1220	72	2707	1242	0	1868	IRF_IRF_IRF
TATATCCCCAAT	1150	2173	2811	1425	1204	0	0	1	4919	0	FOXO_PU1_FOXO
ATACAAAATCTC	117	349	5	144	210	0	0	0	1	0	PU1_FOXO_PU1
ACTCCTGTAAAA	1234	1291	2943	1463	789	0	1	0	0	0	MYC_NFKB
ACACCATTAACT	729	567	1042	359	1034	989	16126	4047	7226	11947	NFKB_PU1_NFKB
AGACTTTCGTAC	138	429	787	167	480	0	0	0	3252	0	FOXO_MEF2_FOXO
AATCTTAAAAAC	425	1151	1878	809	1823	0	0	1835	0	615	IRF_FOXO_IRF
AATGCGATCCAA	1010	1342	1338	890	1794	0	3	1847	15784	1741	PU1_RUNX3_PU1
AACTATAGGAAT	27	308	705	175	637	0	0	0	0	2905	MYC_PU1_MYC
AAAATACAAAAT	224	628	581	562	906	0	0	0	1	0	IRF_MYC
TATTCCTGACGC	295	181	2	384	691	1507	455	0	0	8981	RUNX3_PU1
TAGAATCAGTAC	1764	4383	6214	3720	4377	2	601	617	0	5782	PU1_NFKB_PU1
AGGAAGGTATGT	547	657	476	442	1127	0	0	0	2996	0	FOXO_FOXO
TAAATACTGATG	175	1347	1110	596	534	793	6264	8889	4	3765	NFKB_RUNX3_NFKB
ACAATACTGATG	661	1809	2024	2032	3087	0	0	346	492	3225	NFKB_NFKB_NFKB
ACTTGATAATTG	454	578	1126	147	361	0	0	1057	0	0	NFKB_FOXO_NFKB
AAAATTATAATG	893	2205	1945	2104	2421	0	0	0	1	0	IRF_FOXO_IRF
AGGAAAACATTG	213	1046	771	1074	1006	0	3834	0	0	0	MYC_FOXO_MYC
TTCATTCCCATG	1268	2577	2751	1480	4101	1	5	2	10	9	PU1_FOXO
AACTCACGATTC	925	2355	3826	1800	3222	0	1	3557	5561	7429	IRF_RUNX3_IRF
ACTAGTGTAACC	706	1266	1221	556	1605	0	0	0	1215	0	PU1_MYC_PU1
GTCCATAATTGC	1315	3078	4014	2099	3168	1175	0	0	1	0	MYC_IRF_MYC
TATTACAATTAA	936	985	1756	1524	2174	0	0	0	3	0	NFKB_MYC_NFKB
AACAACTTACGA	1501	3433	2265	2422	3010	0	0	0	0	594	MYC_FOXO_MYC
ACCATATGTCTG	181	391	342	624	969	4116	4675	475	0	634	NFKB_PU1_NFKB
GACGCAACATGT	953	3098	2847	2104	2151	0	1	6752	4222	3542	FOXO_MEF2_FOXO
GAACATCAAGAG	651	2010	1987	1299	963	2443	33731	18326	11228	17893	NFKB_MYC_NFKB
ATGTATCTACAG	1784	1670	2497	1247	2130	2179	0	0	0	0	RUNX3_RUNX3_RUNX3
CTTTGACTTCTG	1225	1725	1553	1916	2534	0	1	0	0	0	NFKB_RUNX3
GTAATCATTCGC	838	1225	1774	1705	2530	4900	16426	5899	11816	2927	PU1_RUNX3_PU1
AAATGAATTACG	318	770	1381	439	1080	938	4528	140	0	1615	FOXO_PU1_FOXO
AGTATAAACCGA	416	1488	638	790	496	1011	1078	2276	1391	4344	PU1_NFKB_PU1
GAGAAATATGGC	466	1730	3306	1830	2021	0	0	732	0	0	FOXO_FOXO
TAAAAGTAGACT	862	1618	2153	1245	2073	1412	2837	3955	0	6325	NFKB_RUNX3_NFKB
ACAAATTTCAGG	994	2589	3290	2401	3070	12779	60576	9140	32446	4458	PU1_PU1_PU1
TACCAGGCTTCC	383	356	671	332	837	0	0	0	0	13	FOXO_PU1_FOXO
AACATAAAACTC	1717	4411	4977	2477	2661	1	0	0	0	0	RUNX3_CTCF_RUNX3
AAACATCTCAAG	1123	1608	3073	2316	3982	0	1	0	1	0	MYC_IRF_MYC
ACACAAACAAAA	569	775	1513	812	598	0	0	1	1	0	RUNX3_PU1_RUNX3
AAGCATCGAAAG	324	1360	1591	1186	1375	0	2026	4112	6339	1872	NFKB_FOXO_NFKB
AAGTTAAGAATT	602	1969	1880	1217	1523	0	2	0	0	0	PU1_FOXO
AATAGGGAAGTC	434	516	988	578	400	2583	0	0	3978	0	NFKB_RUNX3_NFKB
GCATCGACAAAT	305	19	668	2	207	0	4531	0	0	0	RUNX3_PU1
TGACAGCAAACG	449	2209	3165	3035	2493	0	0	1806	0	0	MYC_MYC_MYC
TCTATCAATACC	1392	1929	3383	2924	3026	0	1	0	0	0	MYC_RUNX3_MYC
ACAAGCTCGAAT	413	910	737	965	342	12518	11011	8916	22544	8172	PU1_PU1
CTGATTCAAAAA	279	1396	882	1108	925	3338	0	7781	27	8691	NFKB_RUNX3_NFKB
ACCGAGAATAAT	291	550	538	670	993	4211	3478	0	0	0	PU1_PU1_PU1
TTATAACCCGAA	277	273	682	454	556	0	0	681	0	1715	PU1_RUNX3_PU1
AACATTAATTGA	619	973	609	248	789	0	24	17	0	5	MYC_RUNX3_MYC
TGCTCCCGGAAG	350	957	1158	1564	1017	4373	7652	0	0	0	IRF_MYC_IRF
GCTAATATGGTA	993	2186	2407	1882	1896	0	1	0	0	0	CTCF_MYC
AAAGCATAAACC	1234	2043	1475	2294	3176	3760	0	0	0	0	MYC_RUNX3_MYC
AACATTAATTGG	884	2668	1347	1526	3458	0	13106	7733	1	2449	PU1_NFKB_PU1
AATTGAATCAAA	853	751	1577	1546	1747	2237	954	0	7148	9545	IRF_PU1_IRF
TACATACCCATT	556	635	579	382	293	0	0	0	5436	0	NFKB_PU1_NFKB
AAAATAGCATTG	86	0	203	150	376	0	0	0	0	2	PU1_RUNX3_PU1
ATTATCCTCTTG	171	296	436	324	86	0	1	0	0	0	MYC_NFKB
AATTATTTGAGG	807	1734	1904	1286	2107	0	0	1525	0	0	IRF_CTCF_IRF
GAGAACCAATTA	61	1053	1201	624	290	0	2513	939	0	0	NFKB_MYC_NFKB
TCACGAGGCCCT	891	2719	3042	1109	3779	0	1	0	0	0	NFKB_MYC_NFKB
TAACCAGCCAAA	820	1845	2514	1907	1527	1490	10764	10138	40929	7397	NFKB_RUNX3_NFKB
ACTCAATTGAAT	380	541	1077	483	306	0	6956	1393	0	1207	PU1_MYC_PU1
TATAAAACGACT	440	643	1146	292	1324	0	0	0	6146	2642	NFKB_MYC_NFKB
GATGTCCTACAG	680	795	1370	872	976	5	2922	1	0	0	RUNX3_IRF_RUNX3
ATCAAGGTTTAT	826	2005	3929	2677	3415	725	0	0	0	0	RUNX3_PU1
TTGAAAGACCTT	194	299	452	136	535	0	6268	0	0	0	PU1_IRF_PU1
GTCCCCGATAAC	624	893	1168	1134	1896	0	0	1	0	0	RUNX3_MYC_RUNX3
CAACATGGCATA	1497	2235	1712	1575	1998	0	0	3637	1374	0	IRF_IRF_IRF
TTTTTATGTAAA	44	180	472	128	344	0	1444	0	0	0	PU1_NFKB_PU1
AGAGTTTTCAAT	975	1906	2037	1368	1890	0	0	1	0	0	RUNX3_RUNX3_RUNX3
AAACCTCTTCGC	133	155	195	421	141	0	0	0	4891	0	PU1_NFKB
GGACAAATCACC	179	347	121	176	696	0	0	1142	0	482	NFKB_NFKB_NFKB
AGTAGTAACACG	818	3656	2439	1910	3059	1832	5307	1524	3202	4569	PU1_PU1_PU1
GCTCCACCACAG	175	399	498	669	382	820	0	0	0	0	IRF_RUNX3_IRF
AAAAACGCTCAT	692	812	1073	790	1248	6377	29697	11629	37183	6145	PU1_IRF_PU1
CTTTAATAGTAT	783	461	2064	597	1420	2	3	1	2446	5	NFKB_NFKB_NFKB
AATAAAAAAAAG	199	26	7	169	4	0	1	0	1	1	RUNX3_CTCF_RUNX3
AACCACAGCCGG	144	179	0	105	861	713	4671	0	4245	0	NFKB_IRF_NFKB
GGTAGACACCCA	613	677	1714	397	920	0	3775	0	7723	2305	IRF_MYC
GATTATCGAAAG	160	844	694	885	238	0	12779	515	3378	6155	PU1_MYC_PU1
AATAACCCTAAG	271	256	370	207	590	0	0	723	0	0	NFKB_NFKB_NFKB
AAAAAATATTAA	267	544	1009	595	535	0	0	0	0	200	MYC_MEF2_MYC
ATATTACAGATG	272	350	634	840	295	0	1	0	0	0	MYC_MYC_MYC
CACACAGTAAAA	504	243	1520	1418	2852	0	4489	0	0	0	IRF_IRF
AAAGAACTACTA	533	446	848	706	458	1	0	0	0	0	FOXO
CTTTCCTCTAAT	244	330	133	460	2	0	4	0	0	1	CTCF_MYC
AAAATGAGCCAA	712	1862	2676	2192	2473	4161	3708	8711	13329	10951	NFKB_PU1_NFKB
AACCTTATAGCA	297	903	787	646	1142	2419	0	0	0	9495	PU1_FOXO
TAAGTATTTGTT	1171	2708	2014	1645	2333	251	18648	51300	6176	1731	MYC_IRF_MYC
ATGACAGATAAG	484	278	1195	1117	409	0	0	0	0	256	PU1_RUNX3_PU1
ACAAAACCATTG	1537	2831	1560	1432	1314	367	0	0	0	0	MYC_MYC_MYC
TAACTACACCCG	711	1629	2139	1133	2674	0	0	0	0	1	PU1_RUNX3_PU1
GCAGCAATACCC	457	938	278	184	723	0	4865	0	0	0	MYC_NFKB_MYC
AAAAAAAAGAGT	165	0	2	0	1	0	0	0	0	1	MYC_MEF2_MYC
TAAGCTCACCCA	373	1527	2304	981	2855	3112	0	0	11944	2351	IRF_IRF_IRF
GTTCCATGCCAG	205	1107	1023	870	1686	0	0	213	0	0	FOXO
AATAAACATAAC	246	206	461	320	448	0	0	0	1	0	IRF_RUNX3_IRF
AGTTAATCCGAC	1037	2214	2396	2321	1749	2146	1431	390	14117	1323	NFKB_FOXO_NFKB
AGTCCACTGTCG	950	1377	3039	969	2349	0	0	0	1	0	IRF_CTCF_IRF
AAGGAATAAACA	269	864	3	327	558	1356	0	0	0	0	IRF_NFKB
GTTGTGGTAACA	373	217	325	835	315	0	0	0	1	0	PU1_RUNX3_PU1
GACGTAAAATAA	272	1396	1239	841	738	0	3795	0	0	0	PU1_IRF_PU1
GTAACCATAAAG	238	1218	1191	1408	1238	3873	5519	4550	8505	198	RUNX3_PU1_RUNX3
TCTAAGATATCA	591	1723	1802	1252	1725	0	0	0	367	0	PU1_NFKB
TTAATGGACCAT	299	1023	907	549	1629	0	0	0	1	5219	PU1_PU1
TGGGTATAACAG	524	215	1013	424	1971	0	0	6	0	0	IRF_MYC
ATAGATCATAAT	367	536	1050	856	1868	0	679	0	0	0	PU1_RUNX3_PU1
GTTAACAAGAAG	978	1456	2192	939	2697	1800	13430	6844	15252	17896	PU1_MYC_PU1
TAAAGCCCAATC	358	292	223	439	157	0	0	3447	0	0	IRF_CTCF_IRF
GGATACAAGCCT	124	337	826	132	266	0	3520	221	3358	0	IRF_PU1_IRF
GAGAATCAAAAT	250	204	152	218	162	0	0	0	0	9903	NFKB_IRF_NFKB
GTAATAATACTC	333	1453	1248	1229	786	1309	19	0	1366	0	NFKB_MYC_NFKB
CGACCTTGTATG	258	198	539	480	1272	3	0	0	0	0	NFKB_PU1_NFKB
AGAAGAAGTACT	241	456	341	216	898	1823	0	0	30454	9475	NFKB_IRF_NFKB
ATCAAGATTGAA	284	1120	1004	1321	1158	0	5079	2824	0	0	IRF_IRF_IRF
GTCTGACAGCAC	419	1440	1748	1556	1413	5066	19045	7492	21827	13151	PU1_FOXO_PU1
AAAGCCATCGTT	39	70	135	57	56	457	1603	552	609	1213	MYC_MEF2_MYC
AAAGAAGAACAC	720	1410	2321	2059	2182	0	3337	0	0	0	RUNX3_MYC_RUNX3
ATACGAATACAC	288	598	1265	621	317	1365	0	0	2937	3019	PU1_RUNX3_PU1
GGCATGAAAAGA	261	266	1383	141	573	0	0	0	2866	1651	PU1_FOXO_PU1
AAAATTTGACAT	272	338	307	594	500	0	0	0	0	1	NFKB_IRF_NFKB
GAATATAAGAGG	111	133	0	493	205	0	0	0	0	544	IRF_MYC_IRF
CTCCTTAAGAAT	338	343	214	111	474	0	0	0	0	2546	NFKB_FOXO_NFKB
AGCCCCAACCAA	670	1781	1608	1948	2559	0	5604	0	3477	10137	PU1_IRF_PU1
ACCACTACCCAA	512	1344	1634	548	2428	0	0	0	0	1	MYC_MYC_MYC
AGTCGAAAAATT	87	528	760	464	343	0	0	0	2953	0	FOXO_CTCF
TTTAATAGTCCA	671	1320	1102	1170	1375	6989	2776	7373	2336	147	NFKB_FOXO_NFKB
GAGAATCTAGTG	318	440	495	336	18	3050	4653	1277	8358	2085	PU1_PU1
ATACACAATACC	836	1723	2365	1464	1701	1581	0	534	0	0	NFKB_FOXO_NFKB
AAGGCATATTCG	120	82	362	216	28	0	6004	0	1	0	RUNX3_RUNX3_RUNX3
TCACCCTACCGC	437	3889	2780	2227	2489	0	0	0	1	0	MYC_FOXO_MYC
ATATAGTATAAC	254	669	271	476	246	0	0	0	0	2391	MYC_MYC_MYC
AATTACAATACC	208	83	1186	213	261	1937	5551	1197	0	2188	NFKB_PU1_NFKB
TTTAGCGTGGCT	340	645	612	948	818	0	0	0	1	3284	IRF_IRF
ACAAAGTGTCCT	102	203	0	0	164	0	2200	0	0	0	PU1_FOXO_PU1
TAAACAAGTTGA	214	205	405	484	1636	0	0	4032	6506	1	IRF_IRF_IRF
TTGGGATCAATG	599	294	1027	599	282	1	3191	0	0	0	NFKB_MYC_NFKB
AGAGCAAAGAAT	384	881	830	337	841	0	5264	0	0	466	IRF_RUNX3_IRF
CACGAAAAATAT	117	341	1503	96	638	25120	42730	9312	2600	12195	NFKB_NFKB_NFKB
AAACAAATGATG	138	144	0	125	182	2864	0	0	0	0	FOXO_FOXO_FOXO
ACAAACTCCAAT	136	122	0	4	0	2387	0	0	0	0	NFKB_PU1_NFKB
CACCATCCTCTC	90	665	818	749	763	0	0	0	0	4367	IRF_RUNX3_IRF
AAAAATCTAACT	92	3	253	3	3	609	0	0	0	0	MYC_RUNX3_MYC
GATAAAGGCGCA	620	1918	1174	1162	2027	1261	394	5349	1930	0	PU1_IRF_PU1
TTTACCAAATAG	173	100	155	358	1	2322	0	0	0	0	PU1_RUNX3_PU1
AAATTGATGATG	158	76	364	53	196	0	0	0	0	1064	PU1_NFKB
TTATTTCCCCAA	50	0	0	174	198	0	0	0	0	0	MYC_MYC_MYC
AATGGTGACCTT	47	563	672	777	812	0	0	0	2718	0	PU1_NFKB
ACTCGGCATTAG	317	531	615	586	358	0	0	0	0	2676	RUNX3_MYC_RUNX3
CAAGATGGAGGA	159	1085	609	199	2037	923	3814	0	7110	0	MYC_NFKB_MYC
AGACACGGTTGG	55	251	92	100	0	0	4302	0	4758	0	PU1_IRF_PU1
TCTCCAAACGTG	94	1498	1956	439	1116	0	1455	2692	2411	0	PU1_MYC_PU1
TCAGACGATACG	105	299	198	388	3	0	1	0	0	0	MYC_PU1_MYC
GGTATAAGATTC	13	64	77	25	52	0	0	0	0	11	PU1_CTCF_PU1
ATATTAATACTT	115	432	4	0	25	1009	0	0	0	0	PU1_PU1_PU1
GTACAGAATATC	109	168	556	170	185	0	3841	0	2	0	IRF_PU1_IRF
AAGTACGAAGAA	338	1269	1062	258	1014	1510	0	0	2897	4007	RUNX3_IRF_RUNX3
AAAAACAAATCC	58	279	0	12	153	0	0	0	1	0	MYC_FOXO_MYC
ACAACTCAAACT	314	1658	1524	1359	1543	2469	10502	1123	18536	9079	PU1_MYC_PU1
ATACAAATACTT	86	91	11	238	214	0	0	0	0	1	PU1_RUNX3_PU1
TCTTTAAATTAG	176	0	440	98	437	0	0	254	0	0	IRF_PU1_IRF
AAAATTCATCGT	79	333	334	179	305	0	0	2949	2056	4882	PU1_NFKB_PU1
CATCTGATGAGT	183	981	2305	841	2088	0	0	7893	0	4696	FOXO_MEF2_FOXO
GATATGGAATTG	230	291	302	406	561	995	314	0	0	918	IRF_IRF
TATGTATTAAGG	45	99	490	98	137	0	0	0	0	1	MYC_RUNX3_MYC
AAAACTAAACAA	129	0	0	1	3	0	0	0	0	358	PU1_FOXO
GTCGGACTCAAT	228	537	350	531	445	0	2074	0	2	0	NFKB_IRF_NFKB
GGTTGATGACAT	214	368	297	201	0	0	0	1638	0	0	IRF_IRF
TTAACCAAGAAT	45	0	161	161	0	2162	0	0	0	0	MYC_FOXO
CCATCACTACAT	110	673	0	326	0	0	13653	0	0	0	NFKB_FOXO_NFKB
AATAAGAAAACA	51	276	435	86	131	0	1	0	0	0	MYC_FOXO_MYC
GTAAGACAGCAG	105	376	4	301	188	0	0	0	1	0	MYC_FOXO_MYC
TACATATTATAG	99	298	0	246	417	829	0	0	0	0	FOXO_MEF2_FOXO
CACAAAAATTAT	255	450	992	486	315	0	0	0	0	1	MYC_FOXO_MYC
AACACGAGAGCG	38	0	261	5	126	0	0	0	10	0	FOXO_FOXO
ATTCATTATATG	66	174	280	0	0	908	0	0	0	0	NFKB_FOXO_NFKB
TAACAAAATAAA	67	590	1369	924	1445	0	0	0	638	0	MYC_MYC_MYC
AGGGTATCAAAG	132	1191	1735	485	718	0	1	0	12441	0	MYC_MYC_MYC
AATGTTTAAAAG	4	47	76	11	35	1	0	6	1	1	MYC_NFKB
AAATACTGATAT	88	0	441	184	4	0	0	0	0	0	NFKB_MYC_NFKB
GATTATAATATA	63	229	176	200	410	271	0	0	114	0	NFKB_MYC_NFKB
AACTATTTGAAC	172	221	284	0	333	0	2303	0	0	0	NFKB
ATAGCCAAAAGA	58	516	580	0	400	0	9521	0	0	0	NFKB_MYC_NFKB
ATCACGAAGAAC	13	21	37	14	15	0	0	0	8	0	RUNX3_MYC_RUNX3
GGTCTCCCATGT	2	86	86	190	192	0	63	32	11	20	RUNX3_PU1_RUNX3
ATCATAGGCCTC	172	265	1260	432	392	0	0	884	1	1	NFKB_RUNX3_NFKB
AATGAACCAAGA	10	49	136	55	105	0	7	1	1	0	IRF_CTCF_IRF
GTGGCATTCTAT	33	302	319	52	567	0	4354	0	0	0	IRF_RUNX3_IRF
TAGACCACACTG	21	1	290	284	1	0	0	1032	0	0	IRF_PU1_IRF
AGTGCTGGGGTT	99	0	3	327	432	0	0	0	8527	2894	NFKB_PU1_NFKB
TTATAAACCAAG	5	29	51	30	58	3	0	0	3	3	MYC_FOXO_MYC
CACTACAAACGC	4	31	40	24	41	0	0	7	2	0	PU1_CTCF_PU1
AGCCAACAAACT	5	23	56	26	23	3	66	32	47	22	NFKB_RUNX3
CTTACAACGCGC	95	9	796	125	377	0	0	1	0	0	MYC_RUNX3_MYC
ATATAACCATCG	26	91	191	118	170	1	4	1	1	0	NFKB_RUNX3
ATATCCGGGATT	10	25	57	30	39	0	1	0	0	4	MYC_MEF2_MYC
AATCAAAGATTG	36	53	50	62	77	0	1	1	0	0	IRF_MYC_IRF
TTAATAAAAATA	45	113	823	203	590	0	0	0	2161	1598	IRF_IRF_IRF
AATTAAACGGAG	1	22	48	25	34	0	1	2	0	2	PU1_RUNX3_PU1
TAACTTGCAAGA	19	74	190	35	83	84	492	176	307	310	PU1_NFKB_PU1
AGGAAACTCTTA	12	20	54	11	30	4	0	1	0	0	PU1_NFKB
TACCAAGAATCC	16	34	47	13	27	14	0	0	0	0	PU1_MYC_PU1
GAACACAAAAAG	34	281	521	214	337	0	2	0	1	0	IRF_FOXO_IRF
AATTCAAAAATT	11	32	98	16	17	0	7	0	1	0	MYC_MYC_MYC
TAGAGCCCTTAG	30	59	102	45	26	0	54	0	0	0	NFKB_PU1_NFKB
AGCTAAAATAAG	4	267	0	254	2	327	0	0	0	0	PU1_MEF2_PU1
CATTAATAAAAC	7	22	39	34	41	0	3	1	0	0	MYC_RUNX3_MYC
TACATAATAATG	12	39	43	9	32	6	33	18	15	9	PU1_RUNX3_PU1
CTGGCCTTCCAC	12	595	1258	607	1048	0	697	0	0	0	PU1_MEF2_PU1
AACAAGCCGGAA	8	33	46	50	66	0	0	0	1	0	MYC_RUNX3_MYC
AAACTAACAAGG	14	64	137	71	90	0	0	15	8	0	PU1_CTCF_PU1
GCTCTTAATAAA	34	47	95	27	33	20	0	0	0	0	MYC_RUNX3_MYC
CGATTCACCTTG	27	11	27	21	17	14	5	1	5	0	FOXO_FOXO_FOXO
TATAAATGAATA	11	39	104	16	25	8	8	0	4	3	MYC_MYC_MYC
AAATAATCCTAA	5	28	55	15	20	1	1	6	8	1	IRF_PU1_IRF
CTAAACCAAAAG	15	60	120	115	105	5	24	12	0	9	IRF_NFKB
CTCGGAATCTCG	3	10	28	23	41	0	4	1	2	5	RUNX3_PU1_RUNX3
AAACTTAACACT	9	27	70	12	26	25	69	22	27	29	IRF_NFKB
TAGAAAAACATT	24	117	263	91	136	0	0	5	0	0	NFKB_IRF_NFKB
ACTTCGCACTAT	1	140	0	156	0	0	0	0	1	0	NFKB_MYC_NFKB
AAGATTAAAAAG	11	60	139	17	56	0	0	0	6	1	RUNX3_RUNX3_RUNX3
ACATACACAGCA	7	44	58	60	73	2	2	0	0	7	NFKB_MYC_NFKB
CTATAACCCAAT	4	38	55	49	53	0	2	0	0	0	MYC_MYC_MYC
ACATTACCAACA	6	38	51	71	69	0	2	0	0	4	MYC_IRF_MYC
TGATAAACAAGG	3	23	36	28	24	0	0	1	0	0	NFKB_PU1_NFKB
GAAAATAAATCT	3	42	100	12	42	2	8	3	1	5	MYC_FOXO
AATACAAAAATC	4	25	60	27	33	0	7	0	0	2	MYC_NFKB_MYC
TTTCCTAAATAC	5	43	98	28	48	67	205	160	166	148	RUNX3_PU1_RUNX3
TTAAGTCAAATG	5	23	36	15	26	22	111	73	66	100	PU1_NFKB_PU1
TTTTGGCCTAAT	3	32	66	18	15	3	0	0	3	0	FOXO_FOXO_FOXO
AAAATCATCAAG	1	238	279	175	18	0	0	0	0	1	NFKB_RUNX3_NFKB
AAACAAGCTATA	1	280	187	17	116	0	0	0	1804	0	FOXO
ATAAACAAACCA	1	0	101	0	166	0	0	0	0	11	PU1_CTCF_PU1
ATGAAGGGACAT	5	17	32	28	35	8	105	63	34	54	NFKB_NFKB_NFKB
TGGTATACCCAA	3	781	732	721	749	734	15524	0	10123	2070	IRF_PU1_IRF
GAATAGATTCTA	0	74	470	171	50	0	0	1189	0	4912	NFKB_RUNX3_NFKB
TGAATTTCCCGA	0	212	245	534	355	0	1	0	0	0	PU1_PU1_PU1
AAATTAAAAAGG	0	1	279	0	129	0	0	0	0	714	NFKB_NFKB_NFKB
TTAACTGACGTA	0	584	242	94	146	0	0	0	0	0	NFKB_NFKB_NFKB
AGACAAAACAGT	0	209	0	52	192	0	0	0	4925	0	IRF_MYC_IRF
ACAGCATTAAAT	0	690	206	45	206	0	1	0	0	0	PU1_RUNX3_PU1
GAGTGATGATAC	0	389	130	305	170	0	5157	839	0	0	PU1_FOXO_PU1
AAAAATCCCTCG	0	151	292	65	0	0	2796	1946	3173	0	FOXO
AATTAAACAAAA	0	313	1	77	0	0	1	1	0	0	NFKB
CTGACCCAGCCT	0	20	42	34	51	0	76	87	76	153	PU1_IRF_PU1
AAATTGATCTAG	0	101	0	51	237	0	0	0	0	0	IRF_FOXO_IRF
AGATACAATTAT	0	149	0	263	130	0	1	0	0	0	RUNX3_CTCF_RUNX3
GCTAACTTATAG	0	203	1065	123	735	0	893	1937	11029	4094	NFKB_PU1_NFKB
GGATTCTACACT	0	80	266	177	144	0	6546	4119	12359	4482	PU1_NFKB_PU1
GTCGGGTAGGAC	0	12	0	212	293	0	1978	0	0	0	PU1_NFKB_PU1
GAAAATAGATGC	0	72	1	80	1	0	1	0	1	0	MYC_NFKB
CAGACATCTGCA	0	45	200	71	242	0	24594	0	6874	48560	NFKB_IRF_NFKB
ATAAGTAACATG	0	15	33	30	32	0	11	3	8	3	RUNX3_PU1_RUNX3
TTAAACAAGAAG	0	4	165	90	0	0	1	0	0	0	PU1_IRF_PU1
TGGTCTCCATAT	0	1	156	1	3	0	219162	165078	221048	16543	IRF_IRF
AACAAAACCACA	0	2	153	0	463	0	3	3	0	3	RUNX3_RUNX3_RUNX3
ACCACTTGCGAC	0	0	413	136	1	0	0	3450	10666	0	NFKB_NFKB_NFKB
TAGAGGAGTTGG	0	0	226	275	6	0	0	0	0	0	MYC_NFKB_MYC
